{"pages":[{"title":"Khách hàng","version_id":1,"create_by":{"fullname":"SUPER USER"},"status":false,"param":"khach_hang","description":"Trang mới","id":0,"apis":{"get":"/api/7/1/0ea40cda2e63487da7f9f1d8120f7591/","post":"/api/7/1/39839ac3276d45e3b918f75a13330fa4/","put":"/api/7/1/7b3874796a4a4532a9e5afe700a31860/","delete":"/api/7/1/91513e3e6385447f9306df753e8713d5/"},"formated_create_by":"SUPER USER","formated_status":"Vô hiệu"},{"title":"Nhân viên","version_id":1,"create_by":{"fullname":"SUPER USER"},"status":false,"param":"nhan_vien","description":"Trang mới","id":1,"apis":{"get":"/api/7/1/bb0839028b404c1aa87161fcb1646877/","post":"/api/7/1/391d5e3acc4f4dd4a2019aa51a0d04f7/","put":"/api/7/1/bcfa20f7c8624b2ab5063d012a05a754/","delete":"/api/7/1/2400f0a5fbd441ed84ec30bf3fd58145/"},"formated_create_by":"SUPER USER","formated_status":"Vô hiệu"}]}